url,page_status,cod,status,last_status,last_update,Dati relativi al lotto_description,Dati relativi al lotto_INDIRIZZO,Dati relativi al lotto_LOTTO,Dati relativi al lotto_NUMERO BENI,Dati relativi al lotto_GENERE,Dati relativi al lotto_CATEGORIA,Dati relativi al lotto_VALORE DI STIMA,Dati relativi ai beni_tipo,Dati relativi ai beni_description,Dati relativi ai beni_INDIRIZZO,Dati relativi ai beni_PIANO,Dati relativi ai beni_DISPONIBILITÀ,Dati relativi ai beni_VANI,Dati relativi ai beni_METRI QUADRI,Dati relativi ai beni_CERTIFICAZIONE ENERGETICA,Dati relativi ai beni_DATI CATASTALI,Dati relativi alla Vendita_DATA E ORA VENDITA,Dati relativi alla Vendita_TIPO VENDITA,Dati relativi alla Vendita_MODALITA VENDITA,Dati relativi alla Vendita_LUOGO DELLA VENDITA,Dati relativi alla Vendita_LUOGO PRESENTAZIONE OFFERTA,Dati relativi alla Vendita_TERMINE PRESENTAZIONE OFFERTE,Dati relativi alla Vendita_PREZZO BASE,Dati relativi alla Vendita_OFFERTA MINIMA,Dati relativi alla Vendita_IN CASO DI PIÙ OFFERTE VALIDE,Dati relativi alla Vendita_DEPOSITO CAUZIONALE,Dati relativi alla Vendita_DEPOSITO IN CONTO SPESE,Dettaglio procedura e contatti_TRIBUNALE,Dettaglio procedura e contatti_TIPO PROCEDURA,Dettaglio procedura e contatti_RUOLO,Dettaglio procedura e contatti_GIUDICE,Dettaglio procedura e contatti_RECAPITI,Dettaglio procedura e contatti_EMAIL,Dettaglio procedura e contatti_CURATORE,directory,Dati relativi alla Vendita_RIALZO MINIMO IN CASO DI GARA,Dettaglio procedura e contatti_DELEGATO ALLA VENDITA
https://www.astegiudiziarie.it/vendita-asta-appartamento-palermo-via-s-agata-alla-guilla-n-7-1824441,OK,COD. 134057,DA BANDIRE TRA PIÙ DI 15 GIORNI,APPARTAMENTO,,1/8 di appartamento,"via S. Agata alla Guilla n.7, Palermo (PA)",3,1,IMMOBILI,IMMOBILI - IMMOBILE RESIDENZIALE,-,APPARTAMENTO,1/8 di appartamento,"via S. Agata alla Guilla n.7, Palermo (PA)",-,-,-,115,-,-,25/03/2021 ore 23:59,senza incanto,Presso il venditore,Via Rosolino Pilo n. 25 - Palermo 90139,-,25/03/2021 ore 23:59,"€ 1.224,00","€ 918,00",-,10% del prezzo offerto,-,Palermo,FALLIMENTARE,85 / 1996,Lupo Floriana,-,-,"Nicitra Salvatore
(Procede alle operazioni di vendita)",,,
https://www.astegiudiziarie.it/vendita-asta-appartamento-palermo-cortile-i-piazza-della-grotta-di-danisinni-n-13-1824622,OK,COD. 381007,DA BANDIRE TRA PIÙ DI 15 GIORNI,ABITAZIONE DI TIPO ULTRAPOPOLARE,,"Unità immobiliare sita nel Comune di Palermo, Cortile I Grotta di Danisinni n. 13, ubicata al piano terra, composta da un vano","CORTILE I PIAZZA DELLA GROTTA DI DANISINNI N.13, Palermo (PA)",1,1,IMMOBILI,IMMOBILI - IMMOBILE RESIDENZIALE,"€ 13.976,00",ABITAZIONE DI TIPO ULTRAPOPOLARE,"Unità immobiliare sita nel Comune di Palermo, Cortile I Grotta di Danisinni n. 13, ubicata al piano terra, composta da un vano","CORTILE I PIAZZA DELLA GROTTA DI DANISINNI N.13, Palermo (PA)",-,-,0,-,-,-,08/04/2021 ore 11:00,senza incanto,Presso il venditore,VIA XII GENNAIO N.5 - Palermo 90141,-,07/04/2021 ore 19:00,"€ 1.492,45","€ 1.119,34",,10% del prezzo offerto,-,Palermo,ESECUZIONE IMMOBILIARE POST LEGGE 80,134 / 2013,,Cell. 0917303140,associazioneampe@gmail.co...,,1824622,"€ 500,00","LACCA
(Procede alle operazioni di vendita)
(Gestisce la visita del bene)"
https://www.astegiudiziarie.it/vendita-asta-appartamento-palermo-via-sperone-gi%C3%A0-via-immacolatella-n-256-1825011,OK,COD. 389386,DA BANDIRE TRA PIÙ DI 15 GIORNI,ABITAZIONE DI TIPO ECONOMICO,,"Diritto di usufrutto dell’appartamento sito in Palermo, zona Sperone-Settecannoli, via Sperone, già via Immacolatella n. 256, Scala A, piano quarto, identificato in catasto al foglio 89, particella 2362 sub. 16 categoria A/3, classe 7, vani 4 rendita catastale 268,56.","Via Sperone, già via Immacolatella n. 256, Palermo (PA)",6,1,IMMOBILI,IMMOBILI - IMMOBILE RESIDENZIALE,"€ 17.883,00",ABITAZIONE DI TIPO ECONOMICO,"Diritto di usufrutto dell’appartamento sito in Palermo, zona Sperone-Settecannoli, via Sperone, già via Immacolatella n. 256, Scala A, piano quarto, identificato in catasto al foglio 89, particella 2362 sub. 16 categoria A/3, classe 7, vani 4 rendita catastale 268,56.","Via Sperone, già via Immacolatella n. 256, Palermo (PA)",-,-,-,-,-,"Foglio:89, Sezione:Fabbricati, Particella:2362, Subalterno:16",29/03/2021 ore 10:30,senza incanto,Presso il venditore,Via Sammartino n. 2 - Palermo 90141,-,26/03/2021 ore 13:00,"€ 2.000,00","€ 1.500,00",,10% del prezzo offerto,-,Palermo,ESECUZIONE IMMOBILIARE POST LEGGE 80,444 / 2014,,Tel. 091335768,assoveda@gmail.com,,,"€ 250,00","PISCHEDDA DANIELA
(Procede alle operazioni di vendita)
(Gestisce la visita del bene)"
https://www.astegiudiziarie.it/vendita-asta-appartamento-palermo-via-s-agata-alla-guilla-n-7-1824441,OK,COD. 134057,DA BANDIRE TRA PIÙ DI 15 GIORNI,APPARTAMENTO,,1/8 di appartamento,"via S. Agata alla Guilla n.7, Palermo (PA)",3,1,IMMOBILI,IMMOBILI - IMMOBILE RESIDENZIALE,-,APPARTAMENTO,1/8 di appartamento,"via S. Agata alla Guilla n.7, Palermo (PA)",-,-,-,115,-,-,25/03/2021 ore 23:59,senza incanto,Presso il venditore,Via Rosolino Pilo n. 25 - Palermo 90139,-,25/03/2021 ore 23:59,"€ 1.224,00","€ 918,00",-,10% del prezzo offerto,-,Palermo,FALLIMENTARE,85 / 1996,Lupo Floriana,-,-,"Nicitra Salvatore
(Procede alle operazioni di vendita)",,,
https://www.astegiudiziarie.it/vendita-asta-appartamento-palermo-cortile-i-piazza-della-grotta-di-danisinni-n-13-1824622,OK,COD. 381007,DA BANDIRE TRA PIÙ DI 15 GIORNI,ABITAZIONE DI TIPO ULTRAPOPOLARE,,"Unità immobiliare sita nel Comune di Palermo, Cortile I Grotta di Danisinni n. 13, ubicata al piano terra, composta da un vano","CORTILE I PIAZZA DELLA GROTTA DI DANISINNI N.13, Palermo (PA)",1,1,IMMOBILI,IMMOBILI - IMMOBILE RESIDENZIALE,"€ 13.976,00",ABITAZIONE DI TIPO ULTRAPOPOLARE,"Unità immobiliare sita nel Comune di Palermo, Cortile I Grotta di Danisinni n. 13, ubicata al piano terra, composta da un vano","CORTILE I PIAZZA DELLA GROTTA DI DANISINNI N.13, Palermo (PA)",-,-,0,-,-,-,08/04/2021 ore 11:00,senza incanto,Presso il venditore,VIA XII GENNAIO N.5 - Palermo 90141,-,07/04/2021 ore 19:00,"€ 1.492,45","€ 1.119,34",,10% del prezzo offerto,-,Palermo,ESECUZIONE IMMOBILIARE POST LEGGE 80,134 / 2013,,Cell. 0917303140,associazioneampe@gmail.co...,,1824622,"€ 500,00","LACCA
(Procede alle operazioni di vendita)
(Gestisce la visita del bene)"
https://www.astegiudiziarie.it/vendita-asta-appartamento-palermo-via-sperone-gi%C3%A0-via-immacolatella-n-256-1825011,OK,COD. 389386,DA BANDIRE TRA PIÙ DI 15 GIORNI,ABITAZIONE DI TIPO ECONOMICO,,"Diritto di usufrutto dell’appartamento sito in Palermo, zona Sperone-Settecannoli, via Sperone, già via Immacolatella n. 256, Scala A, piano quarto, identificato in catasto al foglio 89, particella 2362 sub. 16 categoria A/3, classe 7, vani 4 rendita catastale 268,56.","Via Sperone, già via Immacolatella n. 256, Palermo (PA)",6,1,IMMOBILI,IMMOBILI - IMMOBILE RESIDENZIALE,"€ 17.883,00",ABITAZIONE DI TIPO ECONOMICO,"Diritto di usufrutto dell’appartamento sito in Palermo, zona Sperone-Settecannoli, via Sperone, già via Immacolatella n. 256, Scala A, piano quarto, identificato in catasto al foglio 89, particella 2362 sub. 16 categoria A/3, classe 7, vani 4 rendita catastale 268,56.","Via Sperone, già via Immacolatella n. 256, Palermo (PA)",-,-,-,-,-,"Foglio:89, Sezione:Fabbricati, Particella:2362, Subalterno:16",29/03/2021 ore 10:30,senza incanto,Presso il venditore,Via Sammartino n. 2 - Palermo 90141,-,26/03/2021 ore 13:00,"€ 2.000,00","€ 1.500,00",,10% del prezzo offerto,-,Palermo,ESECUZIONE IMMOBILIARE POST LEGGE 80,444 / 2014,,Tel. 091335768,assoveda@gmail.com,,,"€ 250,00","PISCHEDDA DANIELA
(Procede alle operazioni di vendita)
(Gestisce la visita del bene)"
